{"objects":[{"components":[{"color":{"w":1.0,"x":0.7076411843299866,"y":0.5101599097251892,"z":0.5101599097251892},"name":"SpriteRender"}],"name":"Obj","transform":{"position":{"x":400.0,"y":100.0},"scale":{"x":500.0,"y":500.0},"zIndex":1}}]}